[
    {
        "id": 499,
        "brand": "covergirl",
        "name": "POWDER BRONZE",
        "price": "1005",
        "price_sign": null,
        "currency": null,
        "image_link": "https://d3t32hsnjxo7q6.cloudfront.net/i/60f9f4f29be5221ff70cf20fabc03564_ra,w158,h184_pa,w158,h184.png",
        "product_link": "https://well.ca/products/covergirl-trublend-bronzer_112764.html",
        "website_link": "https://well.ca",
        "description": "CoverGirl's New truBLEND Bronzer has a marble-baked formula that blends instantly with skin making bronzer lines a thing of the past.Features:Baked blend of colors for the perfect glowBaked to get the perfect bronze for every skin toneBlends instantly, no bronzer linesSuitable for sensitive skin How to Apply: Step 1: Lightly dip brush into bronzer, being careful to tap or blow off excess powder. Step 2: Next, sweep the bronzer over cheeks and temples to create a warm, even, sun-kissed glow. ",
        "rating": null,
        "category": null,
        "product_type": "bronzer",
        "tag_list": [],
        "created_at": "2016-10-01T18:36:19.612Z",
        "updated_at": "2017-12-23T21:08:32.604Z",
        "product_api_url": "https://makeup-api.herokuapp.com/api/v1/products/499.json",
        "api_featured_image": "//s3.amazonaws.com/donovanbailey/products/api_featured_images/000/000/499/original/open-uri20171223-4-1oytpeg?1514063312",
        "product_colors": []
    },
    {
        "id": 486,
        "brand": "covergirl",
        "name": "HIGHLIGHTER GLOW BRONZER",
        "price": "500",
        "price_sign": null,
        "currency": null,
        "image_link": "https://d3t32hsnjxo7q6.cloudfront.net/i/4e90929a9c24a51c3db3988b205f3b43_ra,w158,h184_pa,w158,h184.jpeg",
        "product_link": "https://well.ca/products/covergirl-clean-glow-bronzer_78622.html",
        "website_link": "https://well.ca",
        "description": "Flaunt the coveted beach-bronze glow in one simple step. This versatile \n3-in-1 multi-shade compact lets you customize your color to create a \nradiant effect. Use just one color or all three!Features: Beautiful bronze glow in just one stepBlendable, multi-shade compactClean and natural lookHow to Apply: Dip powder brush in bronzer and tap off any excess.\nSweep bronzer on your cheeks and temples.\nUsing a lighter touch, sweep bronzer where the sun naturally hits your face, including your nose, chin, and forehead.\n                            ",
        "rating": 5.0,
        "category": null,
        "product_type": "bronzer",
        "tag_list": [],
        "created_at": "2016-10-01T18:36:01.504Z",
        "updated_at": "2017-12-23T21:08:49.712Z",
        "product_api_url": "https://makeup-api.herokuapp.com/api/v1/products/486.json",
        "api_featured_image": "//s3.amazonaws.com/donovanbailey/products/api_featured_images/000/000/486/original/data?1514063329",
        "product_colors": [
            {
                "hex_value": "#A9745E",
                "colour_name": null
            }
        ]
    },
    {
        "id": 473,
        "brand": "covergirl",
        "name": "POWDER Light Rose",
        "price": "700",
        "price_sign": null,
        "currency": null,
        "image_link": "https://d3t32hsnjxo7q6.cloudfront.net/i/0b8787d62ced45700c0693b869645542_ra,w158,h184_pa,w158,h184.png",
        "product_link": "https://well.ca/products/covergirl-trublend-blush-in-light_112758.html",
        "website_link": "https://well.ca",
        "description": "Never stop blushing with CoverGirl New truBLEND blush! Features:New marbled baked formulaUltra-blendable and delivers a beautiful, multi-toned result Designed to fit light, medium and deep skin tones alikeHow to Apply: Step 1: Lightly dip brush into blush, then tap or blow off excess powder. Step 2: Next, sweep the blush over and under your cheekbone to create a beautiful, rosy looking flush. ",
        "rating": null,
        "category": "powder",
        "product_type": "blush",
        "tag_list": [],
        "created_at": "2016-10-01T18:35:34.299Z",
        "updated_at": "2017-12-23T21:08:47.473Z",
        "product_api_url": "https://makeup-api.herokuapp.com/api/v1/products/473.json",
        "api_featured_image": "//s3.amazonaws.com/donovanbailey/products/api_featured_images/000/000/473/original/open-uri20171223-4-11ptefh?1514063327",
        "product_colors": []
    },
    {
        "id": 465,
        "brand": "covergirl",
        "name": "POWDER Blush in Medium Rose",
        "price": "750",
        "price_sign": null,
        "currency": null,
        "image_link": "https://d3t32hsnjxo7q6.cloudfront.net/i/d8969d390fd94976aee71df780f512f2_ra,w158,h184_pa,w158,h184.png",
        "product_link": "https://well.ca/products/covergirl-trublend-blush-in-medium_112759.html",
        "website_link": "https://well.ca",
        "description": "Never stop blushing with CoverGirl's New truBLEND blush! Features:New marbled baked formulaUltra-blendable and delivers a beautiful, multi-toned result Designed to fit light, medium and deep skin tones alikeHow to Apply: Step 1: Lightly dip brush into blush, then tap or blow off excess powder. Step 2: Next, sweep the blush over and under your cheekbone to create a beautiful, rosy looking flush. ",
        "rating": 5.0,
        "category": "powder",
        "product_type": "blush",
        "tag_list": [],
        "created_at": "2016-10-01T18:35:25.098Z",
        "updated_at": "2017-12-23T21:08:46.771Z",
        "product_api_url": "https://makeup-api.herokuapp.com/api/v1/products/465.json",
        "api_featured_image": "//s3.amazonaws.com/donovanbailey/products/api_featured_images/000/000/465/original/open-uri20171223-4-edcwc3?1514063326",
        "product_colors": []
    },
    {
        "id": 458,
        "brand": "covergirl",
        "name": "HIGHLIGHTER Clean Glow Blush LIGHT",
        "price": "400",
        "price_sign": null,
        "currency": null,
        "image_link": "https://d3t32hsnjxo7q6.cloudfront.net/i/bb0b0c2057205b8e39823c5c7fc6af45_ra,w158,h184_pa,w158,h184.jpeg",
        "product_link": "https://well.ca/products/covergirl-clean-glow-blush_78621.html",
        "website_link": "https://well.ca",
        "description": "Complete your Clean® look with a flush of lightweight, blendable color. \nThis versatile 3-in-1 multi-shade compact lets you customize your color \nto create a radiant effect. Use just one color or all three!Features: 3-in-1 multi-shade compactLightweight, blendable flush of colorClean and natural lookHow to Apply:  Begin with the contour, or darkest, shade in your palette and apply to the hollow space below your cheekbones.\nApply the medium shade to the apples of your cheeks and sweep upwards toward the hairline.\nFor a youthful glow, highlight the tops of your cheeks with the lightest shade.\n                            ",
        "rating": 5.0,
        "category": "powder",
        "product_type": "blush",
        "tag_list": [],
        "created_at": "2016-10-01T18:35:15.008Z",
        "updated_at": "2017-12-23T21:08:40.969Z",
        "product_api_url": "https://makeup-api.herokuapp.com/api/v1/products/458.json",
        "api_featured_image": "//s3.amazonaws.com/donovanbailey/products/api_featured_images/000/000/458/original/data?1514063320",
        "product_colors": []
    },
    {
        "id": 457,
        "brand": "covergirl",
        "name": "HIGHLIGHTER Clean Glow Blush DARK",
        "price": "250",
        "price_sign": null,
        "currency": null,
        "image_link": "https://d3t32hsnjxo7q6.cloudfront.net/i/48492123aba0c6d096945d57a070361d_ra,w158,h184_pa,w158,h184.jpeg",
        "product_link": "https://well.ca/products/covergirl-clean-glow-blush_78620.html",
        "website_link": "https://well.ca",
        "description": "Complete your Clean® look with a flush of lightweight, blendable color. \nThis versatile 3-in-1 multi-shade compact lets you customize your color \nto create a radiant effect. Use just one color or all three!Features: 3-in-1 multi-shade compactLightweight, blendable flush of colorClean and natural lookHow to Apply:  Begin with the contour, or darkest, shade in your palette and apply to the hollow space below your cheekbones.\nApply the medium shade to the apples of your cheeks and sweep upwards toward the hairline.\nFor a youthful glow, highlight the tops of your cheeks with the lightest shade.\n                            ",
        "rating": null,
        "category": "powder",
        "product_type": "blush",
        "tag_list": [],
        "created_at": "2016-10-01T18:35:14.369Z",
        "updated_at": "2017-12-23T20:51:33.617Z",
        "product_api_url": "https://makeup-api.herokuapp.com/api/v1/products/457.json",
        "api_featured_image": "//s3.amazonaws.com/donovanbailey/products/api_featured_images/000/000/457/original/data?1514062293",
        "product_colors": []
    },
    {
        "id": 455,
        "brand": "covergirl",
        "name": "FOUNDATION Cheekers Blush LIGHT",
        "price": "350",
        "price_sign": null,
        "currency": null,
        "image_link": "https://d3t32hsnjxo7q6.cloudfront.net/i/d095a226cf2698dba1eba4c6e2ce9896_ra,w158,h184_pa,w158,h184.jpeg",
        "product_link": "https://well.ca/products/covergirl-cheekers-blush_74131.html",
        "website_link": "https://well.ca",
        "description": "Blush's basic rules—it has to be easy, and it has to look natural. \nThat's Cheekers. Each portable mini-compact gives you a sheer blush that\n goes on to stay true, stay for hours. It's the way to glow!Features: Stays for hoursEasy and naturalDermatologically-tested",
        "rating": 5.0,
        "category": "powder",
        "product_type": "blush",
        "tag_list": [],
        "created_at": "2016-10-01T18:35:11.890Z",
        "updated_at": "2017-12-23T20:51:21.297Z",
        "product_api_url": "https://makeup-api.herokuapp.com/api/v1/products/455.json",
        "api_featured_image": "//s3.amazonaws.com/donovanbailey/products/api_featured_images/000/000/455/original/data?1514062281",
        "product_colors": []
    },
    {
        "id": 449,
        "brand": "covergirl",
        "name": "FOUNDATION Cheekers Blush DARK",
        "price": "400",
        "price_sign": null,
        "currency": null,
        "image_link": "https://d3t32hsnjxo7q6.cloudfront.net/i/1d1668b02148a8823eb19c1ce4157a4e_ra,w158,h184_pa,w158,h184.jpeg",
        "product_link": "https://well.ca/products/covergirl-cheekers-blush_74128.html",
        "website_link": "https://well.ca",
        "description": "Blush's basic rules—it has to be easy, and it has to look natural. \nThat's Cheekers. Each portable mini-compact gives you a sheer blush that\n goes on to stay true, stay for hours. It's the way to glow!Features: Stays for hoursEasy and naturalDermatologically-tested",
        "rating": 5.0,
        "category": "powder",
        "product_type": "blush",
        "tag_list": [],
        "created_at": "2016-10-01T18:35:02.504Z",
        "updated_at": "2017-12-23T21:08:44.000Z",
        "product_api_url": "https://makeup-api.herokuapp.com/api/v1/products/449.json",
        "api_featured_image": "//s3.amazonaws.com/donovanbailey/products/api_featured_images/000/000/449/original/data?1514063323",
        "product_colors": []
    },
    {
        "id": 443,
        "brand": "covergirl",
        "name": "Blush Instant Cheekbones Contouring ",
        "price": "200",
        "price_sign": null,
        "currency": null,
        "image_link": "https://d3t32hsnjxo7q6.cloudfront.net/i/5361038d5de79bedaca6c64b48271161_ra,w158,h184_pa,w158,h184.jpeg",
        "product_link": "https://well.ca/products/covergirl-instant-cheekbones_33230.html",
        "website_link": "https://well.ca",
        "description": "Want great bone structure? Instant Cheekbones Contouring Blush lets you \ncreate them instantly and easily. Each compact contains three expertly \ncoordinated shades that add natural-looking contour, so you can look \nlike you were born with great cheekbones, anytime!Features:​3 Complementary skin-flushed shades contour your cheekbonesLightweightDermatologically testedBlendable",
        "rating": 3.3,
        "category": "powder",
        "product_type": "blush",
        "tag_list": [],
        "created_at": "2016-10-01T18:34:52.147Z",
        "updated_at": "2017-12-23T21:08:45.693Z",
        "product_api_url": "https://makeup-api.herokuapp.com/api/v1/products/443.json",
        "api_featured_image": "//s3.amazonaws.com/donovanbailey/products/api_featured_images/000/000/443/original/data?1514063325",
        "product_colors": []
    },
    {
        "id": 406,
        "brand": "covergirl",
        "name": "Lipliner Lip Perfection  ",
        "price": "450",
        "price_sign": null,
        "currency": null,
        "image_link": "https://d3t32hsnjxo7q6.cloudfront.net/i/9b00f1bed71b9d46399663a8ef364a9a_ra,w158,h184_pa,w158,h184.jpeg",
        "product_link": "https://well.ca/products/covergirl-lip-perfection-lipliner_74475.html",
        "website_link": "https://well.ca",
        "description": "High conditioning lip liner. Created to work perfectly with Lip \nPerfection Lipstick, CoverGirl's lip liner formula contains over 60% skin \nconditioners, so you can line and define with conditioning colour.Features: Shades pair perfectly with Lip Perfection LipstickContains Vitamin EPencil requires sharpener",
        "rating": null,
        "category": null,
        "product_type": "lip_liner",
        "tag_list": [],
        "created_at": "2016-10-01T18:33:48.833Z",
        "updated_at": "2017-12-23T21:08:39.578Z",
        "product_api_url": "https://makeup-api.herokuapp.com/api/v1/products/406.json",
        "api_featured_image": "//s3.amazonaws.com/donovanbailey/products/api_featured_images/000/000/406/original/data?1514063319",
        "product_colors": []
    },
    {
        "id": 386,
        "brand": "covergirl",
        "name": "Foundation \u0026 Olay Simply Ageless Foundation ",
        "price": "1599",
        "price_sign": null,
        "currency": null,
        "image_link": "https://d3t32hsnjxo7q6.cloudfront.net/i/fd47eaa9241a010e48fc32cf4611d772_ra,w158,h184_pa,w158,h184.png",
        "product_link": "https://well.ca/products/covergirl-olay-simply-ageless_74462.html",
        "website_link": "https://well.ca",
        "description": "This breakthrough formula with Olay Regenerist Serum and SPF 22 stays \nsuspended over fine lines and wrinkles, unlike the leading anti-aging \ndepartment store foundation that can gather in wrinkles and make skin \nlook older. Clinically shown to provide significant improvement in skin \ncondition in just four weeks.Features: SPF 22Stays suspended over fine lines and wrinklesEven coverageDermatologically-tested",
        "rating": 5.0,
        "category": "cream",
        "product_type": "foundation",
        "tag_list": [],
        "created_at": "2016-10-01T18:33:17.473Z",
        "updated_at": "2017-12-23T21:08:35.386Z",
        "product_api_url": "https://makeup-api.herokuapp.com/api/v1/products/386.json",
        "api_featured_image": "//s3.amazonaws.com/donovanbailey/products/api_featured_images/000/000/386/original/open-uri20171223-4-t8thf8?1514063315",
        "product_colors": []
    },
    {
        "id": 384,
        "brand": "covergirl",
        "name": "Powder Ultimate Finish Liquid Powder Makeup ",
        "price": "600",
        "price_sign": null,
        "currency": null,
        "image_link": "https://d3t32hsnjxo7q6.cloudfront.net/i/1aa7e9e399d24c2a747137df51026ed2_ra,w158,h184_pa,w158,h184.jpeg",
        "product_link": "https://well.ca/products/covergirl-ultimate-finish-liquid_76722.html",
        "website_link": "https://well.ca",
        "description": "Get the beauty of a liquid, a powder and concealer in one makeup! \nUltimate Finish glides on weightlessly to cover and conceal where you \nneed it, then dries to the soft finish of a powder. For an ultimate \nnatural look—beautiful and wondrous. It's all you need—all in one!Features: Oil and fragrance freeHypoallergenicDermatologically-tested",
        "rating": 5.0,
        "category": "cream",
        "product_type": "foundation",
        "tag_list": [],
        "created_at": "2016-10-01T18:33:15.900Z",
        "updated_at": "2017-12-23T21:08:35.807Z",
        "product_api_url": "https://makeup-api.herokuapp.com/api/v1/products/384.json",
        "api_featured_image": "//s3.amazonaws.com/donovanbailey/products/api_featured_images/000/000/384/original/data?1514063315",
        "product_colors": []
    },
    {
        "id": 362,
        "brand": "covergirl",
        "name": "Foundation Outlast Stay Luminous Creamy Natural (820) ",
        "price": "499",
        "price_sign": null,
        "currency": null,
        "image_link": "https://d3t32hsnjxo7q6.cloudfront.net/i/b074403f4a1c12a7920199e4d8fabe78_ra,w158,h184_pa,w158,h184.jpg",
        "product_link": "https://well.ca/products/covergirl-outlast-stay-luminous_105789.html",
        "website_link": "https://well.ca",
        "description": "CoverGirl Outlast Stay Luminous Foundation is perfect for achieving\na dewy finish and a subtle glow. It is oil-free, with a non-greasy formula gives \nyour skin a natural luminosity that lasts all day! This all day foundation hydrates skin while providing \nflawless coverage.Features: Oil-freeLong lastingGive your skin a natural glowing lookDirections: Apply primer first to help your look last all day.Dot foundation on forehead, cheeks and chin. Blend using fingertips, or a makeup sponge if desired.Use a Pressed Powder to finish and voila! Your look is ready to last.",
        "rating": null,
        "category": "liquid",
        "product_type": "foundation",
        "tag_list": [],
        "created_at": "2016-10-01T18:32:33.809Z",
        "updated_at": "2017-12-23T21:08:29.018Z",
        "product_api_url": "https://makeup-api.herokuapp.com/api/v1/products/362.json",
        "api_featured_image": "//s3.amazonaws.com/donovanbailey/products/api_featured_images/000/000/362/original/data?1514063308",
        "product_colors": [
            {
                "hex_value": "#E6C29B",
                "colour_name": "Creamy Natrual (820)"
            },
            {
                "hex_value": "#E6C29B",
                "colour_name": "Buff Beige (825)"
            },
            {
                "hex_value": "#E4C5A2",
                "colour_name": "Medium Beige (842)"
            },
            {
                "hex_value": "#E3C8A3",
                "colour_name": "Classic Ivory (810)"
            }
        ]
    },
    {
        "id": 349,
        "brand": "covergirl",
        "name": "Liquid Makeup Ready, Set Gorgeous 105",
        "price": "899",
        "price_sign": null,
        "currency": null,
        "image_link": "https://d3t32hsnjxo7q6.cloudfront.net/i/414eb9180f66dd8a75ddd34b307e3a36_ra,w158,h184_pa,w158,h184.jpeg",
        "product_link": "https://well.ca/products/covergirl-ready-set-gorgeous-liquid_97267.html",
        "website_link": "https://well.ca",
        "description": "CoverGirl Ready, Set Gorgeous foundation provides a flawless, natural look that lasts all day in one simple step!Features:Blends easily to even skin tone for a flawless lookShine free look lasts all dayOil free, won't clog poresApplication Tips: Dot foundation on forehead, cheeks and chin. Blend using fingertips or a makeup sponge. Use with any COVERGIRL Pressed Powder to help your look last.",
        "rating": 2.0,
        "category": "liquid",
        "product_type": "foundation",
        "tag_list": [],
        "created_at": "2016-10-01T18:32:14.608Z",
        "updated_at": "2017-12-23T21:08:26.081Z",
        "product_api_url": "https://makeup-api.herokuapp.com/api/v1/products/349.json",
        "api_featured_image": "//s3.amazonaws.com/donovanbailey/products/api_featured_images/000/000/349/original/data?1514063306",
        "product_colors": [
            {
                "hex_value": "#F5C8A6",
                "colour_name": "105"
            },
            {
                "hex_value": "#E6B98F",
                "colour_name": "115"
            },
            {
                "hex_value": "#EEC392",
                "colour_name": "210"
            },
            {
                "hex_value": "#9A7751",
                "colour_name": "320"
            },
            {
                "hex_value": "#F5C497",
                "colour_name": "215"
            },
            {
                "hex_value": "#F8D5A7",
                "colour_name": "110"
            },
            {
                "hex_value": "#F4C891",
                "colour_name": "220"
            }
        ]
    },
    {
        "id": 348,
        "brand": "covergirl",
        "name": "Foundation Outlast Stay Fabulous 3-in-1 ",
        "price": "1249",
        "price_sign": null,
        "currency": null,
        "image_link": "https://d3t32hsnjxo7q6.cloudfront.net/i/5b6bdfe942b6ffccbd2ca3f37e500744_ra,w158,h184_pa,w158,h184.jpeg",
        "product_link": "https://well.ca/products/covergirl-outlast-stay-fabulous_74018.html",
        "website_link": "https://well.ca",
        "description": "CoverGirl Outlast Stay Fabulous 3-in-1 foundation is an all-in-one foundation with a long-lasting formula that fuses primer, \nconcealer, and foundation in one easy step! The 3-in-1 formula provides a\n flawless look that lasts all day long.Features: All day, longwear formulaPrimer, concealer, and foundation in oneSmooth, flawless finishFoundation + Sunscreen SPF 20",
        "rating": null,
        "category": "liquid",
        "product_type": "foundation",
        "tag_list": [],
        "created_at": "2016-10-01T18:32:12.257Z",
        "updated_at": "2017-12-23T21:08:25.875Z",
        "product_api_url": "https://makeup-api.herokuapp.com/api/v1/products/348.json",
        "api_featured_image": "//s3.amazonaws.com/donovanbailey/products/api_featured_images/000/000/348/original/data?1514063305",
        "product_colors": []
    },
    {
        "id": 344,
        "brand": "covergirl",
        "name": "Liquid Makeup Clean , Normal Skin ",
        "price": "949",
        "price_sign": null,
        "currency": null,
        "image_link": "https://d3t32hsnjxo7q6.cloudfront.net/i/19422d63bf6e51c128bc2fa457fa61dc_ra,w158,h184_pa,w158,h184.jpeg",
        "product_link": "https://well.ca/products/covergirl-clean-liquid-makeup-normal_74981.html",
        "website_link": "https://well.ca",
        "description": "Clean Makeup’s formula lets your skin breathe, goes on easily and blends\n perfectly, so the world doesn't see makeup, just the look of great \nskin. The sensitive skin formula is fragrance and oil free, and is \nsuitable for sensitive skin. Features: Light coverage, not heavy or cakeyNon-comedogenic (won't clog pores)Dermatologically tested",
        "rating": 5.0,
        "category": "liquid",
        "product_type": "foundation",
        "tag_list": [],
        "created_at": "2016-10-01T18:32:08.168Z",
        "updated_at": "2017-12-23T21:08:23.076Z",
        "product_api_url": "https://makeup-api.herokuapp.com/api/v1/products/344.json",
        "api_featured_image": "//s3.amazonaws.com/donovanbailey/products/api_featured_images/000/000/344/original/data?1514063303",
        "product_colors": []
    },
    {
        "id": 342,
        "brand": "covergirl",
        "name": "Smoothers All-Day Hydrating Makeup ",
        "price": "899",
        "price_sign": null,
        "currency": null,
        "image_link": "https://d3t32hsnjxo7q6.cloudfront.net/i/edd3139c31a9f0561b93d1b68b21a442_ra,w158,h184_pa,w158,h184.jpeg",
        "product_link": "https://well.ca/products/covergirl-smoothers-all-day_75020.html",
        "website_link": "https://well.ca",
        "description": "Smooth, even coverage makes imperfections virtually vanish before your \neyes, while the vitamin-enriched formula helps direct moisture to your \nskin’s surface, improving your skin’s condition over time. \nThis liquid foundation glides on effortlessly for lightweight coverage \nthat lasts for hours.Features:HypoallergenicFragrance FreeOil-FreeWon't clog pores",
        "rating": null,
        "category": "liquid",
        "product_type": "foundation",
        "tag_list": [],
        "created_at": "2016-10-01T18:32:02.606Z",
        "updated_at": "2017-12-23T21:08:23.403Z",
        "product_api_url": "https://makeup-api.herokuapp.com/api/v1/products/342.json",
        "api_featured_image": "//s3.amazonaws.com/donovanbailey/products/api_featured_images/000/000/342/original/data?1514063303",
        "product_colors": []
    },
    {
        "id": 341,
        "brand": "covergirl",
        "name": "Oil Control Makeup ",
        "price": "949",
        "price_sign": null,
        "currency": null,
        "image_link": "https://d3t32hsnjxo7q6.cloudfront.net/i/700e432a504f4784792e84d498c982b7_ra,w158,h184_pa,w158,h184.jpeg",
        "product_link": "https://well.ca/products/covergirl-clean-oil-control-makeup_74942.html",
        "website_link": "https://well.ca",
        "description": "With CoverGirl's Clean Oil Control Makeup, you'll get all the shine control you \nwant – without the drying coverage you don't. The Clean foundation with \ngentle oil absorbing powders and skin conditioners, help prevent \ndryness. Best of all, it won't clog pores, for a clean, shine-free face,\n hour after hour!Features: Oil and fragrance freeNon-comedogenic (won’'t clog pores)Dermatologically-testedWon’'t clog pores",
        "rating": 4.0,
        "category": "liquid",
        "product_type": "foundation",
        "tag_list": [],
        "created_at": "2016-10-01T18:31:59.388Z",
        "updated_at": "2017-12-23T21:08:23.280Z",
        "product_api_url": "https://makeup-api.herokuapp.com/api/v1/products/341.json",
        "api_featured_image": "//s3.amazonaws.com/donovanbailey/products/api_featured_images/000/000/341/original/data?1514063303",
        "product_colors": []
    },
    {
        "id": 338,
        "brand": "covergirl",
        "name": "Liquid Makeup Advanced Radiance Age Defying",
        "price": "1249",
        "price_sign": null,
        "currency": null,
        "image_link": "https://d3t32hsnjxo7q6.cloudfront.net/i/9b13eee88cc626be90db443abb6e8bb9_ra,w158,h184_pa,w158,h184.jpeg",
        "product_link": "https://well.ca/products/covergirl-advanced-radiance-age_75009.html",
        "website_link": "https://well.ca",
        "description": "Take 5 years off the look of your skin.* This smooth liquid foundation \nwith Olay ingredients blends into the skin, covering fine lines and \nwrinkles, for radiant, beautiful coverage that actually helps give you a\n youthful looking appearance. \n                                * Tested among women 35-65.Features:Protects with SPF 10Suitable for sensitive skinDermatologically-testedNon-comedogenic (won't clog pores)Oil-free\n\n\n\t\n\t\n\t\t\t\n\t\n\t\n\t\n\t\t\n\t\n\t\t\n\t\n\t\n\t  \t\t\n",
        "rating": 5.0,
        "category": "liquid",
        "product_type": "foundation",
        "tag_list": [],
        "created_at": "2016-10-01T18:31:55.954Z",
        "updated_at": "2017-12-23T21:08:22.837Z",
        "product_api_url": "https://makeup-api.herokuapp.com/api/v1/products/338.json",
        "api_featured_image": "//s3.amazonaws.com/donovanbailey/products/api_featured_images/000/000/338/original/data?1514063302",
        "product_colors": []
    },
    {
        "id": 327,
        "brand": "covergirl",
        "name": "Foundation Outlast Stay Fabulous 3-in-1",
        "price": "1249",
        "price_sign": null,
        "currency": null,
        "image_link": "https://d3t32hsnjxo7q6.cloudfront.net/i/f047b24948adf8c9d5f6b795db107920_ra,w158,h184_pa,w158,h184.jpeg",
        "product_link": "https://well.ca/products/covergirl-outlast-stay-fabulous_74021.html",
        "website_link": "https://well.ca",
        "description": "CoverGirl Outlast Stay Fabulous 3-in-1 foundation is an all-in-one foundation with a long-lasting formula that fuses primer, \nconcealer, and foundation in one easy step! The 3-in-1 formula provides a\n flawless look that lasts all day long.Features: All day, longwear formulaPrimer, concealer, and foundation in oneSmooth, flawless finishFoundation + Sunscreen SPF 20",
        "rating": 4.0,
        "category": "liquid",
        "product_type": "foundation",
        "tag_list": [],
        "created_at": "2016-10-01T18:31:40.657Z",
        "updated_at": "2017-12-23T21:08:21.416Z",
        "product_api_url": "https://makeup-api.herokuapp.com/api/v1/products/327.json",
        "api_featured_image": "//s3.amazonaws.com/donovanbailey/products/api_featured_images/000/000/327/original/data?1514063301",
        "product_colors": []
    },
    {
        "id": 313,
        "brand": "covergirl",
        "name": "Eyeshadow Trunaked Palettes in Roses",
        "price": "1200",
        "price_sign": null,
        "currency": null,
        "image_link": "https://d3t32hsnjxo7q6.cloudfront.net/i/e8be715d17f0bcc25ffe81f4286ffac0_ra,w158,h184_pa,w158,h184.png",
        "product_link": "https://well.ca/products/covergirl-trunaked-eyeshadow_112732.html",
        "website_link": "https://well.ca",
        "description": "CoverGirl Trunaked Eyeshadow Palettes feature universally flattering, neutral shades that are made to be blended together, so you can mix and match colors and always look flawless. Features:Each eye shadow palette comes with 8 shadesEach shade is highly pigmentedEndless possibilities for neutral daytime to dramatic nighttime looks",
        "rating": 5.0,
        "category": "palette",
        "product_type": "eyeshadow",
        "tag_list": [],
        "created_at": "2016-10-01T18:31:16.086Z",
        "updated_at": "2017-12-26T00:33:00.382Z",
        "product_api_url": "https://makeup-api.herokuapp.com/api/v1/products/313.json",
        "api_featured_image": "//s3.amazonaws.com/donovanbailey/products/api_featured_images/000/000/313/original/open-uri20171223-4-kfj90h?1514063299",
        "product_colors": []
    },
    {
        "id": 300,
        "brand": "covergirl",
        "name": "Eye Enhancers 1-Kit Shadow ",
        "price": "449",
        "price_sign": null,
        "currency": null,
        "image_link": "https://d3t32hsnjxo7q6.cloudfront.net/i/e1e4b13a264fe9a7cbccaea373c24d9d_ra,w158,h184_pa,w158,h184.jpeg",
        "product_link": "https://well.ca/products/covergirl-eye-enhancers-1-kit-shadow_74146.html",
        "website_link": "https://well.ca",
        "description": "A simple, single shade with an advanced, stay-put formula!Mix and match \nall the CoverGirl Eye Enhancers 1-Kit Shadows the way you want to create your own combos with matte, pearly or \nsparkly shades! They blend easily to let the natural beauty of your eyes\n come through.",
        "rating": 5.0,
        "category": null,
        "product_type": "eyeshadow",
        "tag_list": [],
        "created_at": "2016-10-01T18:30:47.070Z",
        "updated_at": "2017-12-23T21:08:18.280Z",
        "product_api_url": "https://makeup-api.herokuapp.com/api/v1/products/300.json",
        "api_featured_image": "//s3.amazonaws.com/donovanbailey/products/api_featured_images/000/000/300/original/data?1514063298",
        "product_colors": []
    },
    {
        "id": 299,
        "brand": "covergirl",
        "name": "Eye Enhancers 3-Kit Shadows ",
        "price": "649",
        "price_sign": null,
        "currency": null,
        "image_link": "https://d3t32hsnjxo7q6.cloudfront.net/i/e48da5acde28bd3b1bcc2bff5b9d4a56_ra,w158,h184_pa,w158,h184.jpeg",
        "product_link": "https://well.ca/products/covergirl-eye-enhancers-3-kit_59872.html",
        "website_link": "https://well.ca",
        "description": "This collection of great shades is handpicked by CoverGirl's makeup pros and \ndesigned to make your eye look go from day to night. They blend \neffortlessly to bring your eyes out beautifully, without overshadowing. \nExperiment using them together or as single shades.Features:Matte, pearl, and sparkle shadesHandpicked by CoverGirl's makeup pros to make your eye look go from day to nightBlends easily without overshadowingTips for Use:\n                            \n                            \n                               \n                            \n                            \n                               Dust the most neutral shadow in your 3-Kit palette from your lash line to brow line. Blend the second-darkest shade along the crease of your eyes. Run the darkest shade along your upper and lower lash lines. Finish the look with two coats of mascara. \n                            \n                        \n                            \n                        ",
        "rating": 4.0,
        "category": null,
        "product_type": "eyeshadow",
        "tag_list": [],
        "created_at": "2016-10-01T18:30:45.878Z",
        "updated_at": "2017-12-23T21:08:17.105Z",
        "product_api_url": "https://makeup-api.herokuapp.com/api/v1/products/299.json",
        "api_featured_image": "//s3.amazonaws.com/donovanbailey/products/api_featured_images/000/000/299/original/data?1514063297",
        "product_colors": [
            {
                "hex_value": "#696B73",
                "colour_name": "color 1"
            },
            {
                "hex_value": "#CFC8CB",
                "colour_name": "color 2"
            },
            {
                "hex_value": "#918081",
                "colour_name": "color 3"
            }
        ]
    },
    {
        "id": 289,
        "brand": "covergirl",
        "name": "Eye Enhancers 4-Kit Shadows",
        "price": "649",
        "price_sign": null,
        "currency": null,
        "image_link": "https://d3t32hsnjxo7q6.cloudfront.net/i/7d13530ed0a2ec9edc3736dcc0944a6b_ra,w158,h184_pa,w158,h184.jpeg",
        "product_link": "https://well.ca/products/covergirl-eye-enhancers-4-kit_4266.html",
        "website_link": "https://well.ca",
        "description": "This collection of great shades is handpicked by CoverGirl's makeup pros and \ndesigned to make your eye look go from day to night. They blend \neffortlessly to bring your eyes out beautifully, without overshadowing. \nExperiment using them together or as single shades.Features:Matte, pearl, and sparkle shadesHandpicked by CoverGirl's makeup pros to make your eye look go from day to nightBlends easily without overshadowingTips for Use:\n                            \n                            \n                               Dust the second-lightest shadow in your 4-Kit palette from your lash line to brow line Blend the second-darkest shade along the crease of your eyes Run the darkest shade along your upper and lower lash lines Blend and highlight the lid and brow bone with the lightest shade \n                            \n                        ",
        "rating": 4.6,
        "category": null,
        "product_type": "eyeshadow",
        "tag_list": [],
        "created_at": "2016-10-01T18:30:23.832Z",
        "updated_at": "2017-12-23T21:08:15.794Z",
        "product_api_url": "https://makeup-api.herokuapp.com/api/v1/products/289.json",
        "api_featured_image": "//s3.amazonaws.com/donovanbailey/products/api_featured_images/000/000/289/original/data?1514063295",
        "product_colors": []
    },
    {
        "id": 285,
        "brand": "covergirl",
        "name": "Eye Enhancers 3-Kit Shadows",
        "price": "649",
        "price_sign": null,
        "currency": null,
        "image_link": "https://d3t32hsnjxo7q6.cloudfront.net/i/197ae5defd213aa7967e20756d370be8_ra,w158,h184_pa,w158,h184.jpeg",
        "product_link": "https://well.ca/products/covergirl-eye-enhancers-3-kit_4258.html",
        "website_link": "https://well.ca",
        "description": "Created with advanced, stay-put formulas, these collections of great shades are hand-picked by our make-up pros. Each one lets you mix and mingle, or just use a single shadow. They blend effortlessly to bring your eyes out beautifully, without overshadowing.",
        "rating": 4.0,
        "category": null,
        "product_type": "eyeshadow",
        "tag_list": [],
        "created_at": "2016-10-01T18:30:18.904Z",
        "updated_at": "2017-12-23T21:08:15.208Z",
        "product_api_url": "https://makeup-api.herokuapp.com/api/v1/products/285.json",
        "api_featured_image": "//s3.amazonaws.com/donovanbailey/products/api_featured_images/000/000/285/original/data?1514063295",
        "product_colors": []
    },
    {
        "id": 271,
        "brand": "covergirl",
        "name": "Eyeliner Trunaked Waterproof Duo in Mocha/Ebony",
        "price": "1199",
        "price_sign": null,
        "currency": null,
        "image_link": "https://d3t32hsnjxo7q6.cloudfront.net/i/d21a214b11528337f27647cbbd93de6b_ra,w158,h184_pa,w158,h184.png",
        "product_link": "https://well.ca/products/covergirl-trunaked-waterproof_112747.html",
        "website_link": "https://well.ca",
        "description": "CoverGirl Trunaked Waterproof Eyeliner Duo takes eyes from subtle to smokey in no time! Features:Creamy waterproof formula Blends just as beautifully as it stays put Partner this twin tip eyeliner pencil with the gorgeous neutrals in the trunaked palettes to create endless easy, breezy, beautiful possibilitiesHow to Apply: Apply liner along your top and bottom lashes for the full trunaked effect.",
        "rating": null,
        "category": "pencil",
        "product_type": "eyeliner",
        "tag_list": [],
        "created_at": "2016-10-01T18:29:58.625Z",
        "updated_at": "2017-12-23T20:51:16.895Z",
        "product_api_url": "https://makeup-api.herokuapp.com/api/v1/products/271.json",
        "api_featured_image": "//s3.amazonaws.com/donovanbailey/products/api_featured_images/000/000/271/original/open-uri20171223-4-1l6bio5?1514062276",
        "product_colors": []
    },
    {
        "id": 267,
        "brand": "covergirl",
        "name": "Eyeliner Bombshell Powder Brow \u0026 Liner in Dark Brown",
        "price": "949",
        "price_sign": null,
        "currency": null,
        "image_link": "https://d3t32hsnjxo7q6.cloudfront.net/i/a7598160bc46504c98c26a241e3047e2_ra,w158,h184_pa,w158,h184.png",
        "product_link": "https://well.ca/products/covergirl-bombshell-powder-brow_113683.html",
        "website_link": "https://well.ca",
        "description": "Bring sexy smolder to eyes \u0026 brows.  Soft powder adheres to brows and defines eyes.Features:2-in-1 brow \u0026 liner powderVelvety powder fills in browsUse also to softly line \u0026 define eyesDirections: Twist open and pull applicator up and tap lightly on tube side to remove excess powder. Lightly brush over eyebrows until desired effect is reached. Also use to softly line \u0026 define eyesIngredients: Boron Nitride, Dimethicone, Silica, Polyethylene, Pentylene Glycol, Pumice, Kaolin, Dimethiconol, Phenoxyethanol, Ethylhexylglycerin, Dehydroacetic Acid, Copernicia Cerifera (Carnauba) Wax/Cire De Carnauba, May Contain/Peut Contenir: Titanium Dioxide, Iron Oxides, Mica",
        "rating": 3.0,
        "category": "pencil",
        "product_type": "eyeliner",
        "tag_list": [],
        "created_at": "2016-10-01T18:29:53.047Z",
        "updated_at": "2017-12-23T21:08:10.038Z",
        "product_api_url": "https://makeup-api.herokuapp.com/api/v1/products/267.json",
        "api_featured_image": "//s3.amazonaws.com/donovanbailey/products/api_featured_images/000/000/267/original/open-uri20171223-4-dspzug?1514063289",
        "product_colors": []
    },
    {
        "id": 265,
        "brand": "covergirl",
        "name": "eyeliner Trunaked Waterproof Eyeliner Duo in Cashmere/Espresso",
        "price": "1199",
        "price_sign": null,
        "currency": null,
        "image_link": "https://d3t32hsnjxo7q6.cloudfront.net/i/92d2bd2c93f465c5565009f3f604fae6_ra,w158,h184_pa,w158,h184.png",
        "product_link": "https://well.ca/products/covergirl-trunaked-waterproof_112746.html",
        "website_link": "https://well.ca",
        "description": "CoverGirl Trunaked Waterproof Eyeliner Duo takes eyes from subtle to smokey in no time! Features:Creamy waterproof formula Blends just as beautifully as it stays put Partner this twin tip eyeliner pencil with the gorgeous neutrals in the trunaked palettes to create endless easy, breezy, beautiful possibilitiesHow to Apply: Apply liner along your top and bottom lashes for the full trunaked effect.",
        "rating": null,
        "category": "pencil",
        "product_type": "eyeliner",
        "tag_list": [],
        "created_at": "2016-10-01T18:29:50.299Z",
        "updated_at": "2017-12-23T21:08:09.610Z",
        "product_api_url": "https://makeup-api.herokuapp.com/api/v1/products/265.json",
        "api_featured_image": "//s3.amazonaws.com/donovanbailey/products/api_featured_images/000/000/265/original/open-uri20171223-4-1unbuvg?1514063289",
        "product_colors": []
    },
    {
        "id": 261,
        "brand": "covergirl",
        "name": "Eyeliner Full Lash Bloom Mascara + Perfect Point Plus Eye Liner",
        "price": "1499",
        "price_sign": null,
        "currency": null,
        "image_link": "https://d3t32hsnjxo7q6.cloudfront.net/i/72bab061829b3185368d8dcb24a6a630_ra,w158,h184_pa,w158,h184.png",
        "product_link": "https://well.ca/products/covergirl-full-lash-bloom-mascara_108466.html?cat=324",
        "website_link": "https://well.ca",
        "description": "This value pack contains a mascara that gives exceptional lash fullness that is soft - even to the touch and a self-sharpening eye liner for a perfect point every time.Features:Full Lash Bloom Mascara - very blackPerfect Point Plus Eye Liner - black onyx Soft, full lashes that are never stiff or brittleEye liner has soft smudger tip for expert blendingSuitable for contact lens wearersDirections: Apply liner along bottom and top lash lines, smudge using soft tip tool. Finish by brushing upper and lower lashes generously with up to 2 coats of mascara.",
        "rating": null,
        "category": "pencil",
        "product_type": "eyeliner",
        "tag_list": [],
        "created_at": "2016-10-01T18:29:44.520Z",
        "updated_at": "2017-12-23T21:08:03.809Z",
        "product_api_url": "https://makeup-api.herokuapp.com/api/v1/products/261.json",
        "api_featured_image": "//s3.amazonaws.com/donovanbailey/products/api_featured_images/000/000/261/original/open-uri20171223-4-1d9t58p?1514063283",
        "product_colors": []
    },
    {
        "id": 250,
        "brand": "covergirl",
        "name": "Eyeliner Ink it! By Perfect Point Plus Eyeliner ",
        "price": "699",
        "price_sign": null,
        "currency": null,
        "image_link": "https://d3t32hsnjxo7q6.cloudfront.net/i/db7299d1c75f3e217b911e9a7be8783c_ra,w158,h184_pa,w158,h184.jpeg",
        "product_link": "https://well.ca/products/covergirl-ink-it-by-perfect-point_78616.html",
        "website_link": "https://well.ca",
        "description": "Get inked — without the commitment! Ink It! colors glide on smoothly and\n easily without skipping, dragging, or pulling. The bright, bold shades \nlast all day long.Features: Bright, bold colors for new looks Lasts all day long ­­— no smudging or creasingExpert precision applicationTwist up design",
        "rating": null,
        "category": "pencil",
        "product_type": "eyeliner",
        "tag_list": [],
        "created_at": "2016-10-01T18:29:27.595Z",
        "updated_at": "2017-12-23T21:08:05.330Z",
        "product_api_url": "https://makeup-api.herokuapp.com/api/v1/products/250.json",
        "api_featured_image": "//s3.amazonaws.com/donovanbailey/products/api_featured_images/000/000/250/original/data?1514063285",
        "product_colors": []
    },
    {
        "id": 247,
        "brand": "covergirl",
        "name": "Eyeliner Liquiline Blast Eyeliner ",
        "price": "999",
        "price_sign": null,
        "currency": null,
        "image_link": "https://d3t32hsnjxo7q6.cloudfront.net/i/0e4882c00b6639844d9168d71f43c3ed_ra,w158,h184_pa,w158,h184.jpeg",
        "product_link": "https://well.ca/products/covergirl-liquiline-blast-eyeliner_74467.html",
        "website_link": "https://well.ca",
        "description": "With liquiline blast, you'll get all the intensity and staying power of a\n liquid with ease and blendability of a pencil. Use the \nliner as-is for intense definition or smoke-it-out with the built-in \nsmudger end for a subtle, smoky look.Features: Liquid-like formula + the ease of a pencil applicatorSmudger tip lets you customize your intensity",
        "rating": 4.5,
        "category": "pencil",
        "product_type": "eyeliner",
        "tag_list": [],
        "created_at": "2016-10-01T18:29:22.771Z",
        "updated_at": "2017-12-23T21:08:04.067Z",
        "product_api_url": "https://makeup-api.herokuapp.com/api/v1/products/247.json",
        "api_featured_image": "//s3.amazonaws.com/donovanbailey/products/api_featured_images/000/000/247/original/data?1514063284",
        "product_colors": []
    },
    {
        "id": 239,
        "brand": "covergirl",
        "name": "Eyeliner Ink it! By Perfect Point Plus Eyeliner",
        "price": "699",
        "price_sign": null,
        "currency": null,
        "image_link": "https://d3t32hsnjxo7q6.cloudfront.net/i/e4763257a2290da070bd300212d16db8_ra,w158,h184_pa,w158,h184.jpeg",
        "product_link": "https://well.ca/products/covergirl-ink-it-by-perfect-point_78614.html",
        "website_link": "https://well.ca",
        "description": "Get inked — without the commitment! Ink It! colors glide on smoothly and\n easily without skipping, dragging, or pulling. The bright, bold shades \nlast all day long.Features: Bright, bold colors for new looks Lasts all day long ­­— no smudging or creasingExpert precision applicationTwist up design",
        "rating": 2.5,
        "category": "pencil",
        "product_type": "eyeliner",
        "tag_list": [],
        "created_at": "2016-10-01T18:29:08.005Z",
        "updated_at": "2017-12-23T20:51:32.964Z",
        "product_api_url": "https://makeup-api.herokuapp.com/api/v1/products/239.json",
        "api_featured_image": "//s3.amazonaws.com/donovanbailey/products/api_featured_images/000/000/239/original/data?1514062292",
        "product_colors": []
    },
    {
        "id": 237,
        "brand": "covergirl",
        "name": "Eyeliner Perfect Point Plus Eyeliner Pencil ",
        "price": "749",
        "price_sign": null,
        "currency": null,
        "image_link": "https://d3t32hsnjxo7q6.cloudfront.net/i/74749bda64dcfe89dfdbf3f2f248cd3a_ra,w158,h184_pa,w158,h184.jpeg",
        "product_link": "https://well.ca/products/covergirl-perfect-point-plus_74584.html",
        "website_link": "https://well.ca",
        "description": "The pencil gives you control and versatility. Want a precise line? It \nglides on easily. Want to soften a bit? There's a soft smudger tip. Best\n of all? No sharpening necessary, it's got a specially designed \nself-sharpener inside. So you always get the point—perfectly.Features: Specially-designed self-sharpenerSoft smudger tip for great blendingGlides on easilyOphthalmologically-tested",
        "rating": 4.0,
        "category": "pencil",
        "product_type": "eyeliner",
        "tag_list": [],
        "created_at": "2016-10-01T18:29:04.719Z",
        "updated_at": "2017-12-23T20:51:32.842Z",
        "product_api_url": "https://makeup-api.herokuapp.com/api/v1/products/237.json",
        "api_featured_image": "//s3.amazonaws.com/donovanbailey/products/api_featured_images/000/000/237/original/data?1514062292",
        "product_colors": []
    },
    {
        "id": 222,
        "brand": "covergirl",
        "name": "Eyeliner Bombshell Powder Brow \u0026 Liner in Blonde",
        "price": "949",
        "price_sign": null,
        "currency": null,
        "image_link": "https://d3t32hsnjxo7q6.cloudfront.net/i/49400a1459a15523535e61d0db29e57d_ra,w158,h184_pa,w158,h184.png",
        "product_link": "https://well.ca/products/covergirl-bombshell-powder-brow_113684.html",
        "website_link": "https://well.ca",
        "description": "Bring sexy smolder to eyes \u0026 brows.  Soft powder adheres to brows and defines eyes.Features:2-in-1 brow \u0026 liner powderVelvety powder fills in browsUse also to softly line \u0026 define eyesDirections: Twist open and pull applicator up and tap lightly on tube side to remove excess powder. Lightly brush over eyebrows until desired effect is reached. Also use to softly line \u0026 define eyesIngredients: Boron Nitride, Dimethicone, Silica, Polyethylene, Pentylene Glycol, Pumice, Kaolin, Dimethiconol, Phenoxyethanol, Ethylhexylglycerin, Dehydroacetic Acid, Copernicia Cerifera (Carnauba) Wax/Cire De Carnauba, May Contain/Peut Contenir: Titanium Dioxide, Iron Oxides, Mica",
        "rating": null,
        "category": "pencil",
        "product_type": "eyeliner",
        "tag_list": [],
        "created_at": "2016-10-01T18:28:45.555Z",
        "updated_at": "2017-12-23T21:08:11.210Z",
        "product_api_url": "https://makeup-api.herokuapp.com/api/v1/products/222.json",
        "api_featured_image": "//s3.amazonaws.com/donovanbailey/products/api_featured_images/000/000/222/original/open-uri20171223-4-6x2r8c?1514063291",
        "product_colors": []
    },
    {
        "id": 220,
        "brand": "covergirl",
        "name": "Eyeliner Intensify Me! Liquid Liner",
        "price": "999",
        "price_sign": null,
        "currency": null,
        "image_link": "https://d3t32hsnjxo7q6.cloudfront.net/i/28f0f546d02a7c4330b4d186d42e3c32_ra,w158,h184_pa,w158,h184.jpg",
        "product_link": "https://well.ca/products/covergirl-intensify-me-liquid-liner_105497.html",
        "website_link": "https://well.ca",
        "description": "Try CoverGirl Intensify Me! Liquid Liner and get the control of a pencil with the intensity of a liquid eyeliner for \nbeautifully defined eyes every time. The all-new paddle-shaped tip gives\n you two looks in one—thick and dramatic or thin and elegant. The \nintense black formula glides on smoothly and dries quickly for instant \ndrama. Clinically tested, suitable for sensitive eyes.Directions: Stand 6 inches away from a mirror and tilt your chin up, so \nthat when you look down your nose into the mirror, you can see your \nentire eyelid. Dab concealer or dust translucent powder on your upper \nlids. Blend well with a sponge or lightly pat with a fingertip to cover \nveins and prevent creasing.Before applying liner, \ndetermine your eye shape. If eyes are close-set or round, line only the \nouter corners. Otherwise, line the entire upper lid.Gently pull your eyelid taut at an upward angle. Beginning at the inner \ncorner, draw small, connected dashes along the top lashes. Be sure to \nstay close to the roots so there is no skin visible between the lashes \nand the liner. To make eyes look bigger, extend the liner slightly \nbeyond the outer corners.Use a cotton swab to fix mistakes. For larger messes, dip it in makeup remover.",
        "rating": null,
        "category": "liquid",
        "product_type": "eyeliner",
        "tag_list": [],
        "created_at": "2016-10-01T18:28:44.178Z",
        "updated_at": "2017-12-23T20:51:27.942Z",
        "product_api_url": "https://makeup-api.herokuapp.com/api/v1/products/220.json",
        "api_featured_image": "//s3.amazonaws.com/donovanbailey/products/api_featured_images/000/000/220/original/data?1514062287",
        "product_colors": []
    },
    {
        "id": 202,
        "brand": "covergirl",
        "name": "Eyeliner Ink It! By Perfect Point Plus Violet Ink",
        "price": "699",
        "price_sign": null,
        "currency": null,
        "image_link": "https://d3t32hsnjxo7q6.cloudfront.net/i/5b4b8ad9a7d0264fa6b66d4027aa0f7e_ra,w158,h184_pa,w158,h184.jpeg",
        "product_link": "https://well.ca/products/covergirl-ink-it-by-perfect-point_97199.html",
        "website_link": "https://well.ca",
        "description": "The CoverGirl Ink It! By Perfect Point Plus gives you vibrant, high impact color that glides on smoothly with pen-like precision for intense eye looks that last all day.Features:Crease and fade resistantSelf-sharpening pencilWaterproofApplication Tips: Start at the inner corner of your eye and draw a line close to your lash line.",
        "rating": null,
        "category": "liquid",
        "product_type": "eyeliner",
        "tag_list": [],
        "created_at": "2016-10-01T18:28:21.818Z",
        "updated_at": "2017-12-23T20:51:24.724Z",
        "product_api_url": "https://makeup-api.herokuapp.com/api/v1/products/202.json",
        "api_featured_image": "//s3.amazonaws.com/donovanbailey/products/api_featured_images/000/000/202/original/data?1514062284",
        "product_colors": []
    },
    {
        "id": 169,
        "brand": "covergirl",
        "name": "Eyeliner LineExact Liquid Eyeliner ",
        "price": "749",
        "price_sign": null,
        "currency": null,
        "image_link": "https://d3t32hsnjxo7q6.cloudfront.net/i/f56b44752218960e8ff15d1364510544_ra,w158,h184_pa,w158,h184.jpeg",
        "product_link": "https://well.ca/products/covergirl-lineexact-liquid-eyeliner_74839.html",
        "website_link": "https://well.ca",
        "description": "Compact, easy to hold high precision liquid eyeliner pen has a \nsmudgeproof, fast-drying formula that glides on to create fine or bold \nlines without fuss, for looks that last all day.Features: ExactTip lets you create bold or fine linesCompact, easy-to-holdFast-dryingSmudge-resistant, lasts all daySuitable for sensitive eyes ",
        "rating": 4.3,
        "category": "liquid",
        "product_type": "eyeliner",
        "tag_list": [],
        "created_at": "2016-10-01T18:27:41.437Z",
        "updated_at": "2017-12-23T20:51:18.909Z",
        "product_api_url": "https://makeup-api.herokuapp.com/api/v1/products/169.json",
        "api_featured_image": "//s3.amazonaws.com/donovanbailey/products/api_featured_images/000/000/169/original/data?1514062278",
        "product_colors": []
    },
    {
        "id": 123,
        "brand": "covergirl",
        "name": "Eyeliner Outlast Stay Brilliant Nail Gloss",
        "price": "599",
        "price_sign": null,
        "currency": null,
        "image_link": "https://d3t32hsnjxo7q6.cloudfront.net/i/ad5297ce5c35c04daa3c85b6906aaedc_ra,w158,h184_pa,w158,h184.png",
        "product_link": "https://well.ca/products/covergirl-outlast-stay-brilliant_107374.html",
        "website_link": "https://well.ca",
        "description": "Dare to go topless with CoverGirl Outlast Stay Brilliant Nail Gloss. New high-gloss nail polish formula that combines a base coat, high-gloss color, and a chip-resistant top coat in one simple step. Features:High gloss colourLasts as long as one week3-in-1 formula - base coat, colour, and top coatQuick, easy and convenientHow to Apply:Step 1: File nails to your desired length and shape.Step 2: Brush your favorite nail color on top of each nail. Allow nail polish to fully dry.Step 3: Apply a second coat for deeper pigment.",
        "rating": null,
        "category": null,
        "product_type": "nail_polish",
        "tag_list": [],
        "created_at": "2016-10-01T18:26:09.814Z",
        "updated_at": "2017-12-23T20:51:04.423Z",
        "product_api_url": "https://makeup-api.herokuapp.com/api/v1/products/123.json",
        "api_featured_image": "//s3.amazonaws.com/donovanbailey/products/api_featured_images/000/000/123/original/open-uri20171223-4-1dxo5r?1514062264",
        "product_colors": [
            {
                "hex_value": "#CC2828",
                "colour_name": "Fury  "
            },
            {
                "hex_value": "#033C8D",
                "colour_name": "Mutant  "
            },
            {
                "hex_value": "#44092B",
                "colour_name": "Nemesis "
            },
            {
                "hex_value": "#9A043B",
                "colour_name": "Red Revenge "
            },
            {
                "hex_value": "#C0B7AF",
                "colour_name": "Speed of Light  "
            }
        ]
    },
    {
        "id": 114,
        "brand": "covergirl",
        "name": "Lipstick Outlast Longwear Lipstick",
        "price": "1099",
        "price_sign": null,
        "currency": null,
        "image_link": "https://d3t32hsnjxo7q6.cloudfront.net/i/2d46e82f21b11f658a4378abcbd1c31b_ra,w158,h184_pa,w158,h184.png",
        "product_link": "https://well.ca/products/covergirl-outlast-longwear-lipstick_105803.html",
        "website_link": "https://well.ca",
        "description": "With CoverGirl Outlast Longwear Lipstick you get both moisture and colour! No need to choose!This long lasting lipstick doesn’t flake or \ncrumble because it’s super-powered with moisture. It'll stays super fresh and \nsuper flexible all day, leaving you with a light weight but very pigmented lip look.",
        "rating": null,
        "category": "lipstick",
        "product_type": "lipstick",
        "tag_list": [],
        "created_at": "2016-10-01T18:25:52.547Z",
        "updated_at": "2017-12-27T01:50:37.669Z",
        "product_api_url": "https://makeup-api.herokuapp.com/api/v1/products/114.json",
        "api_featured_image": "//s3.amazonaws.com/donovanbailey/products/api_featured_images/000/000/114/original/open-uri20171223-4-fqgm96?1514062257",
        "product_colors": [
            {
                "hex_value": "#51122B",
                "colour_name": "Plum Fury"
            },
            {
                "hex_value": "#A1211C",
                "colour_name": "Red Siren"
            },
            {
                "hex_value": "#C5777E",
                "colour_name": "Phantom Pink"
            }
        ]
    },
    {
        "id": 113,
        "brand": "covergirl",
        "name": "Lipstick Outlast Lipcolor Moisturizing Clear Topcoat (500)",
        "price": "1299",
        "price_sign": null,
        "currency": null,
        "image_link": "https://d3t32hsnjxo7q6.cloudfront.net/i/00bee78599bf386be435237a1515fdb7_ra,w158,h184_pa,w158,h184.jpg",
        "product_link": "https://well.ca/products/covergirl-outlast-lipcolor_103284.html",
        "website_link": "https://well.ca",
        "description": "CoverGirl Outlast Lipcolor Moisturizing Clear Topcoat is a moisturizing lip gloss that keeps lips feeling moist, soft \u0026 smooth.Features: Moisturizing formulaSafe for sensitive skinFragrance freeIngredients: Sucrose Polycottonseedate, Ozokerite, Beeswax/ Cire D'Abeille, Tocopheryl Acetate, Tocopherol, Propyl Gallate, Propylparaben, Acetyl Glucosamine, Cocos Nucifera (Coconut Oil), Aloe Barbadensis Leaf Extract, Theobroma Cacao (Cocoa) Seed Butter, Butyrospermum Parkii (Shea Butter), Sodium Saccharin, Flavor/Aroma, Eu Inci, Sucrose Polycottonseedate, Ozokerite, Cera Alba, Tocopheryl Acetate, Tocopherol, Propylparaben, Propyl Gallate, Acetyl Glucosamine, Cocos Nucifera (Coconut Oil), Aloe Barbadensis Leaf Extract, Theobroma Cacao (Cocoa) Seed Butter, Butyrospermum Parkii (Shea Butter), Sodium Saccharin, Aroma",
        "rating": null,
        "category": "lipstick",
        "product_type": "lipstick",
        "tag_list": [],
        "created_at": "2016-10-01T18:25:51.301Z",
        "updated_at": "2017-12-23T20:51:01.555Z",
        "product_api_url": "https://makeup-api.herokuapp.com/api/v1/products/113.json",
        "api_featured_image": "//s3.amazonaws.com/donovanbailey/products/api_featured_images/000/000/113/original/data?1514062261",
        "product_colors": []
    },
    {
        "id": 105,
        "brand": "covergirl",
        "name": "Lipstick Colorlicious ",
        "price": "1049",
        "price_sign": null,
        "currency": null,
        "image_link": "https://d3t32hsnjxo7q6.cloudfront.net/i/c88809fbffe05fb9594103e635387152_ra,w158,h184_pa,w158,h184.jpg",
        "product_link": "https://well.ca/products/covergirl-colorlicious-lipstick_103162.html",
        "website_link": "https://well.ca",
        "description": "CoverGirl Colorlicious Lipstick gives you rich, satisfying color in shades you can't help but crave!Features: Deliciously rich color infused with shea butterFull coverage color, high shine intensityNatural butters help keep lips suppleLasting colourIngredients:\n Ricinus Communis (Castor) Seed Oil, Isopropyl Isostearate, Mica, \nEthylhexyl Hydroxystearate, Acetylated Lanolin, Ozokerite, Euphorbia \nCerifera (Candelilla) Wax/Cire De Candelilla, Paraffin, Squalane, \nCopernicia Cerifera (Carnauba) Wax/Cire De Carnauba, Cetyl Lactate, \nCetyl Alcohol, Fragrance/Parfum, Ascorbyl Palmitate, Tocopheryl Acetate,\n Maltodextrin, Camellia Sinensis Leaf Extract, Butyrospermum Parkii \n(Shea) Butter, Silk Powder/Poudre De Soie, Persea Gratissima (Avocado) \nOil, Cocos Nucifera (Coconut) Oil, Aloe Barbadensis Leaf Extract, \nPropylparaben, Hydrogenated Vegetable Oil, Retinyl Palmitate, Some \nShades Also Contain/Certaines Teintes Contiennent Aussi: Lauroyl Lysine,\n Synthetic Fluorphlogopite, May Contain/Peut Contenir: Titanium Dioxide,\n Red 7 Lake, Yellow 5 Lake, Red 6 Lake, Iron Oxides, Blue 1 Lake, \nCarmine, Red 27 Lake, Yellow 6 Lake, Orange 5, Red 27",
        "rating": null,
        "category": "lipstick",
        "product_type": "lipstick",
        "tag_list": [],
        "created_at": "2016-10-01T18:25:42.891Z",
        "updated_at": "2017-12-27T01:53:08.088Z",
        "product_api_url": "https://makeup-api.herokuapp.com/api/v1/products/105.json",
        "api_featured_image": "//s3.amazonaws.com/donovanbailey/products/api_featured_images/000/000/105/original/data?1514063312",
        "product_colors": [
            {
                "hex_value": "#ECA4BE",
                "colour_name": "Verve Violet"
            },
            {
                "hex_value": "#BF837C",
                "colour_name": "Sultry Sienna"
            }
        ]
    },
    {
        "id": 102,
        "brand": "covergirl",
        "name": "Lipstick Outlast Lipcolor",
        "price": "1299",
        "price_sign": null,
        "currency": null,
        "image_link": "https://d3t32hsnjxo7q6.cloudfront.net/i/be04329866e96a0077545d230489d7a9_ra,w158,h184_pa,w158,h184.jpeg",
        "product_link": "https://well.ca/products/covergirl-outlast-lipcolor-plum_97226.html",
        "website_link": "https://well.ca",
        "description": "CoverGirls very popular longwear lip color just got better! The advanced formula with resilient, brilliant color and new applicator gives you up to 24 hours of color in just 2 easy, breezy steps.Features:Lasts up to 24 hoursBeautiful shades that are food proof and transfer resistant all day!Moisturizing topcoat keeps lips feeling moist, soft and smoothApplication Tips: Apply color to clean lips. Let dry 60 seconds. Apply moisturizing topcoat. Reapply topcoat like a balm throughout the day to refresh your look and feel.",
        "rating": 5.0,
        "category": "lipstick",
        "product_type": "lipstick",
        "tag_list": [],
        "created_at": "2016-10-01T18:25:39.503Z",
        "updated_at": "2017-12-27T01:46:54.379Z",
        "product_api_url": "https://makeup-api.herokuapp.com/api/v1/products/102.json",
        "api_featured_image": "//s3.amazonaws.com/donovanbailey/products/api_featured_images/000/000/102/original/data?1514062260",
        "product_colors": [
            {
                "hex_value": "#864058",
                "colour_name": "Plum Berry"
            },
            {
                "hex_value": "#996066",
                "colour_name": "Nude"
            },
            {
                "hex_value": "#9C5961",
                "colour_name": "Wine to Five"
            },
            {
                "hex_value": "#8B3158",
                "colour_name": "Wild Berry"
            },
            {
                "hex_value": "#744144",
                "colour_name": "Cinnamon Stick"
            },
            {
                "hex_value": "#783E49",
                "colour_name": "Brazen Raisin"
            }
        ]
    },
    {
        "id": 53,
        "brand": "covergirl",
        "name": "Mascara Professional Mascara Curved Brush Very Black",
        "price": "699",
        "price_sign": null,
        "currency": null,
        "image_link": "https://d3t32hsnjxo7q6.cloudfront.net/i/c28f5756cc3f81f36baebfd753207c58_ra,w158,h184_pa,w158,h184.jpeg",
        "product_link": "https://well.ca/products/covergirl-professional-mascara_97246.html",
        "website_link": "https://well.ca",
        "description": "Volumize, lengthen and define like a pro! CoverGirl Professional 3-in-1 mascara for all day beautiful lashes. The curved brush finds lashes you didn't know you had, for a volumized, long, defined lash look without the clumps or blobs.Features:Volume + length + definition in one easy stepHypoallergenic and suitable for contact lens wearersLash volume without clumpsApplication Tips: Hold brush as close as possible to base of lashes, and wiggle it as you move it up through lashes.",
        "rating": null,
        "category": null,
        "product_type": "mascara",
        "tag_list": [],
        "created_at": "2016-10-01T18:11:48.408Z",
        "updated_at": "2017-12-23T20:31:53.214Z",
        "product_api_url": "https://makeup-api.herokuapp.com/api/v1/products/53.json",
        "api_featured_image": "//s3.amazonaws.com/donovanbailey/products/api_featured_images/000/000/053/original/data?1514061113",
        "product_colors": []
    },
    {
        "id": 52,
        "brand": "covergirl",
        "name": "Mascara Professional Mascara Curved Brush Black Brown",
        "price": "699",
        "price_sign": null,
        "currency": null,
        "image_link": "https://d3t32hsnjxo7q6.cloudfront.net/i/c7fe159f81fff4e0b8269782b20048ac_ra,w158,h184_pa,w158,h184.jpeg",
        "product_link": "https://well.ca/products/covergirl-professional-mascara_97245.html",
        "website_link": "https://well.ca",
        "description": "Volumize, lengthen and define like a pro! CoverGirl Professional 3-in-1 mascara for all day beautiful lashes. The curved brush finds lashes you didn't know you had, for a volumized, long, defined lash look without the clumps or blobs.Features:Volume + length + definition in one easy stepHypoallergenic and suitable for contact lens wearersLash volume without clumpsApplication Tips: Hold brush as close as possible to base of lashes, and wiggle it as you move it up through lashes.",
        "rating": null,
        "category": null,
        "product_type": "mascara",
        "tag_list": [],
        "created_at": "2016-10-01T18:11:46.356Z",
        "updated_at": "2017-12-23T20:31:52.960Z",
        "product_api_url": "https://makeup-api.herokuapp.com/api/v1/products/52.json",
        "api_featured_image": "//s3.amazonaws.com/donovanbailey/products/api_featured_images/000/000/052/original/data?1514061112",
        "product_colors": []
    },
    {
        "id": 49,
        "brand": "covergirl",
        "name": "Mascara LashBlast Fusion Water Resistant Mascara ",
        "price": "999",
        "price_sign": null,
        "currency": null,
        "image_link": "https://d3t32hsnjxo7q6.cloudfront.net/i/e4bd2eaff5e2b0c9c8c29ecd86d0c7e6_ra,w158,h184_pa,w158,h184.jpeg",
        "product_link": "https://well.ca/products/covergirl-lashblast-fusion-water_74846.html",
        "website_link": "https://well.ca",
        "description": "CoverGirl LashBlast Fusion Water Resistant Mascara has a fiberstrech lengthening formula and super-volumizing brush that thickens and extends each individual lash for high volume, length and perfect\n separation rain or shine.Features:Super volumizing and buildable fiber-strength lengtheningThickens and extends the look of your bare lashesWater resistant",
        "rating": 4.8,
        "category": null,
        "product_type": "mascara",
        "tag_list": [],
        "created_at": "2016-10-01T18:11:42.574Z",
        "updated_at": "2017-12-23T20:50:54.311Z",
        "product_api_url": "https://makeup-api.herokuapp.com/api/v1/products/49.json",
        "api_featured_image": "//s3.amazonaws.com/donovanbailey/products/api_featured_images/000/000/049/original/data?1514062254",
        "product_colors": []
    },
    {
        "id": 46,
        "brand": "covergirl",
        "name": "Mascara LastBlast Clump Crusher Water Resistant Mascara ",
        "price": "999",
        "price_sign": null,
        "currency": null,
        "image_link": "https://d3t32hsnjxo7q6.cloudfront.net/i/b02f002545c5dc18be53297faaf04b7a_ra,w158,h184_pa,w158,h184.jpeg",
        "product_link": "https://well.ca/products/covergirl-lastblast-clump-crusher_74595.html",
        "website_link": "https://well.ca",
        "description": "A breakthrough in no-clump mascara! Get 200% more volume and zero \nclumps. Features an innovative double-sided brush with lash-loading and \nclump-combing zones to crush clumps.Features: 200% more volume, zero clumpsInnovative curved brushSuper-volumized, beautifully separated lashesWater resistant",
        "rating": 5.0,
        "category": null,
        "product_type": "mascara",
        "tag_list": [],
        "created_at": "2016-10-01T18:11:38.634Z",
        "updated_at": "2017-12-23T20:50:54.935Z",
        "product_api_url": "https://makeup-api.herokuapp.com/api/v1/products/46.json",
        "api_featured_image": "//s3.amazonaws.com/donovanbailey/products/api_featured_images/000/000/046/original/data?1514062254",
        "product_colors": []
    },
    {
        "id": 44,
        "brand": "covergirl",
        "name": "Mascara LashBlast Full Lash Bloom Mascara Very Black (800)",
        "price": "999",
        "price_sign": null,
        "currency": null,
        "image_link": "https://d3t32hsnjxo7q6.cloudfront.net/i/bd505b8626119f31924057a086e542bf_ra,w158,h184_pa,w158,h184.jpg",
        "product_link": "https://well.ca/products/covergirl-lashblast-full-lash-bloom_103273.html",
        "website_link": "https://well.ca",
        "description": "With CoverGirl Full Lash Bloom Mascara, get exceptional lash fullness that's soft - even to the touch. With CoverGirl's petal-shaped brush and mousse formula with natural beeswax, lashes are never stiff or brittle. Perfect for everyday wear, Full Lash Bloom Mascara is also safe for contact lens wearers and is ophthalmologically tested. So bring out every last lash, and embrace you in full bloom!Features: Gives soft, full lashes that are never stiff or brittle.Petal shaped brush and soft, mousse formula, with natural beeswax, brings out every lashOphthalmologically tested and suitable for contact lens wearersIngredients: Water/Eau, Beeswax/Cire D'Abeille, Cetearyl Alcohol, Shellac, Copernicia Cerifera (Carnauba) Wax/Cire De Carnauba, Ceteareth-20, Glycerin, Tapioca Starch, Lecithin, Ethylhexylglycerin, Alcohol Denat., Phenoxyethanol, Benzyl Alcohol, Xanthan Gum, Ammonium Hydroxide, Sodium Gluconate May Contain: Titanium Dioxide, Iron Oxides",
        "rating": 4.0,
        "category": null,
        "product_type": "mascara",
        "tag_list": [],
        "created_at": "2016-10-01T18:11:36.863Z",
        "updated_at": "2017-12-23T20:50:53.772Z",
        "product_api_url": "https://makeup-api.herokuapp.com/api/v1/products/44.json",
        "api_featured_image": "//s3.amazonaws.com/donovanbailey/products/api_featured_images/000/000/044/original/data?1514062253",
        "product_colors": []
    },
    {
        "id": 43,
        "brand": "covergirl",
        "name": "Mascara Professional Super Thick Lash Mascara Very Black",
        "price": "699",
        "price_sign": null,
        "currency": null,
        "image_link": "https://d3t32hsnjxo7q6.cloudfront.net/i/cb7bdcebdc593ba34c0f40b41a3ff44c_ra,w158,h184_pa,w158,h184.jpeg",
        "product_link": "https://well.ca/products/covergirl-professional-super-thick_97251.html",
        "website_link": "https://well.ca",
        "description": "Get beautiful, thick, high-impact lashes with COVERGIRL professional super thick lash mascara! The brush separates, defines, and reaches those little lashes so you get bold, defined lashes so easy, so beautiful!Features:Bold, defined volumeSeparates and defines lashesLasts all dayApplication Tips: Hold brush as close as possible to base of lashes, and wiggle it as you move it up through lashes.",
        "rating": 5.0,
        "category": null,
        "product_type": "mascara",
        "tag_list": [],
        "created_at": "2016-10-01T18:11:36.172Z",
        "updated_at": "2017-12-23T20:50:53.675Z",
        "product_api_url": "https://makeup-api.herokuapp.com/api/v1/products/43.json",
        "api_featured_image": "//s3.amazonaws.com/donovanbailey/products/api_featured_images/000/000/043/original/data?1514062253",
        "product_colors": []
    },
    {
        "id": 40,
        "brand": "covergirl",
        "name": "Mascara Professional Waterproof Mascara Very Black",
        "price": "699",
        "price_sign": null,
        "currency": null,
        "image_link": "https://d3t32hsnjxo7q6.cloudfront.net/i/d44d5338e9dfa2b5234a02d25af64a26_ra,w158,h184_pa,w158,h184.jpeg",
        "product_link": "https://well.ca/products/covergirl-professional-waterproof_97253.html",
        "website_link": "https://well.ca",
        "description": "Volumize, lengthen and define like a pro! CoverGirl Professional 3-in-1 mascara for all day beautiful lashes.Features:Volume + length + definition in one easy stepHypoallergenic and suitable for contact lens wearersWaterproofApplication Tips: Hold brush as close as possible to base of lashes, and wiggle it as you move it up through lashes.",
        "rating": null,
        "category": null,
        "product_type": "mascara",
        "tag_list": [],
        "created_at": "2016-10-01T18:11:32.686Z",
        "updated_at": "2017-12-23T20:50:53.262Z",
        "product_api_url": "https://makeup-api.herokuapp.com/api/v1/products/40.json",
        "api_featured_image": "//s3.amazonaws.com/donovanbailey/products/api_featured_images/000/000/040/original/data?1514062253",
        "product_colors": []
    },
    {
        "id": 35,
        "brand": "covergirl",
        "name": "Mascara Lashblast Volume Blasting Waterproof Mascara",
        "price": "999",
        "price_sign": null,
        "currency": null,
        "image_link": "https://d3t32hsnjxo7q6.cloudfront.net/i/527f52aaaba663227d70de7c0a34ff80_ra,w158,h184_pa,w158,h184.jpg",
        "product_link": "https://well.ca/products/covergirl-lashblast-volume-blasting_74927.html",
        "website_link": "https://well.ca",
        "description": "Get a blast of lush, volumized lashes! LashBlast’s patented \nvolume-boosting formula and patent-pending brush are designed to max-out\n each and every lash, leaving you with the ultimate big lash look.Features: Instant volume and fullnessSmudge and smear-proofHypoallergenic and suitable for contact lens wearers",
        "rating": 5.0,
        "category": null,
        "product_type": "mascara",
        "tag_list": [],
        "created_at": "2016-10-01T18:11:25.863Z",
        "updated_at": "2017-12-23T20:31:52.669Z",
        "product_api_url": "https://makeup-api.herokuapp.com/api/v1/products/35.json",
        "api_featured_image": "//s3.amazonaws.com/donovanbailey/products/api_featured_images/000/000/035/original/data?1514061112",
        "product_colors": []
    },
    {
        "id": 34,
        "brand": "covergirl",
        "name": "Mascara LashBlast Fusion Mascara ",
        "price": "999",
        "price_sign": null,
        "currency": null,
        "image_link": "https://d3t32hsnjxo7q6.cloudfront.net/i/fcd915ee80b8b9cfaa71225020b8df3b_ra,w158,h184_pa,w158,h184.jpg",
        "product_link": "https://well.ca/products/covergirl-lashblast-fusion-mascara_74817.html",
        "website_link": "https://well.ca",
        "description": "Experience COVERGIRL's first ever volume + length mascara!The \nfiberstretch formula and oversized brush make every little lash bigger, \nfuller, longer -looking and more dramatic.* \t\t\t\t\t\t\t                     \n       \t\n                                *vs bare lashesFeatures: Super-Volumizing + Buildable fiber-strength lengtheningThickens and extends the look of your natural lashes",
        "rating": 4.8,
        "category": null,
        "product_type": "mascara",
        "tag_list": [],
        "created_at": "2016-10-01T18:11:24.749Z",
        "updated_at": "2017-12-23T20:31:52.532Z",
        "product_api_url": "https://makeup-api.herokuapp.com/api/v1/products/34.json",
        "api_featured_image": "//s3.amazonaws.com/donovanbailey/products/api_featured_images/000/000/034/original/data?1514061112",
        "product_colors": []
    },
    {
        "id": 33,
        "brand": "covergirl",
        "name": "Mascara Professional Natural Lash Mascara Clear",
        "price": "699",
        "price_sign": null,
        "currency": null,
        "image_link": "https://d3t32hsnjxo7q6.cloudfront.net/i/fa655a2751adc3d38050d08325f2d97f_ra,w158,h184_pa,w158,h184.jpeg",
        "product_link": "https://well.ca/products/covergirl-professional-natural-lash_97249.html",
        "website_link": "https://well.ca",
        "description": "For natural beautiful looking lashes! The CoverGirl clear gel formula and curved brush separates lashes while conditioning. It helps tame unruly brows too!Features:Natural looking lashesBeautifully tamed browsLasts all dayApplication Tips: Hold brush as close as possible to base of lashes, and wiggle it as you move it up through lashes.",
        "rating": 4.0,
        "category": null,
        "product_type": "mascara",
        "tag_list": [],
        "created_at": "2016-10-01T18:11:23.740Z",
        "updated_at": "2017-12-23T20:31:52.411Z",
        "product_api_url": "https://makeup-api.herokuapp.com/api/v1/products/33.json",
        "api_featured_image": "//s3.amazonaws.com/donovanbailey/products/api_featured_images/000/000/033/original/data?1514061112",
        "product_colors": []
    },
    {
        "id": 31,
        "brand": "covergirl",
        "name": "Mascara LastBlast Clump Crusher Mascara ",
        "price": "999",
        "price_sign": null,
        "currency": null,
        "image_link": "https://d3t32hsnjxo7q6.cloudfront.net/i/df2f212e8449edcaff4876f592c4311e_ra,w158,h184_pa,w158,h184.jpeg",
        "product_link": "https://well.ca/products/covergirl-lastblast-clump-crusher_74593.html",
        "website_link": "https://well.ca",
        "description": "A breakthrough in no-clump mascara! Get 200% more volume and zero \nclumps. Features an innovative double-sided brush with lash-loading and \nclump-combing zones to crush clumps.Features: 200% more volume, zero clumpsInnovative curved brushSuper-volumized, beautifully separated lashes",
        "rating": 4.5,
        "category": null,
        "product_type": "mascara",
        "tag_list": [],
        "created_at": "2016-10-01T18:11:21.909Z",
        "updated_at": "2017-12-23T20:31:52.154Z",
        "product_api_url": "https://makeup-api.herokuapp.com/api/v1/products/31.json",
        "api_featured_image": "//s3.amazonaws.com/donovanbailey/products/api_featured_images/000/000/031/original/data?1514061112",
        "product_colors": []
    },
    {
        "id": 6,
        "brand": "covergirl",
        "name": "Mascara Lashblast Volume Blasting Mascara ",
        "price": "999",
        "price_sign": null,
        "currency": null,
        "image_link": "https://d3t32hsnjxo7q6.cloudfront.net/i/18790b1fce6ddd2c7c20e73ce964eadd_ra,w158,h184_pa,w158,h184.jpg",
        "product_link": "https://well.ca/products/covergirl-lashblast-volume-blasting_74922.html",
        "website_link": "https://well.ca",
        "description": "Get a blast of lush, volumized lashes! LashBlast’s patented \nvolume-boosting formula and patent-pending brush are designed to max-out\n each and every lash, leaving you with the ultimate big lash look.Features: Instant volume and fullnessSmudge and smear-proofHypoallergenic and suitable for contact lens wearers",
        "rating": 4.8,
        "category": null,
        "product_type": "mascara",
        "tag_list": [],
        "created_at": "2016-10-01T18:10:53.573Z",
        "updated_at": "2017-12-23T20:31:47.348Z",
        "product_api_url": "https://makeup-api.herokuapp.com/api/v1/products/6.json",
        "api_featured_image": "//s3.amazonaws.com/donovanbailey/products/api_featured_images/000/000/006/original/data?1514061107",
        "product_colors": []
    }
]